{
  "id" : "8f111180-1845-11e7-9d60-efae7c857881-0",
  "name" : "Test_Document_1.txt",
  "version" : 3,
  "text" : "ACV Corp will delay the restart of its MMA plant in Nagasaki due to unexpected mechanical problems RM Co Ltd has shut at the start of this week its 150,000 tonne/year methyl methacrylate(MMA) plant in Fukushima for planned maintenance ",
  "docLength" : 0,
  "language" : "EN",
  "status" : "SUBMITTED",
  "modifiedDate" : 1500537336195,
  "documentSet" : [ ],
  "preannotation" : [ "PRE_SIRE" ],
  "sentences" : [ {
    "id" : "s0",
    "begin" : 0,
    "end" : 234,
    "text" : "ACV Corp will delay the restart of its MMA plant in Nagasaki due to unexpected mechanical problems RM Co Ltd has shut at the start of this week its 150,000 tonne/year methyl methacrylate(MMA) plant in Fukushima for planned maintenance",
    "tokens" : [ {
      "id" : "s0-t0",
      "begin" : 0,
      "end" : 3,
      "text" : "ACV",
      "whiteSpace" : false
    }, {
      "id" : "s0-t1",
      "begin" : 4,
      "end" : 8,
      "text" : "Corp",
      "whiteSpace" : false
    }, {
      "id" : "s0-t2",
      "begin" : 9,
      "end" : 13,
      "text" : "will",
      "whiteSpace" : false
    }, {
      "id" : "s0-t3",
      "begin" : 14,
      "end" : 19,
      "text" : "delay",
      "whiteSpace" : false
    }, {
      "id" : "s0-t4",
      "begin" : 20,
      "end" : 23,
      "text" : "the",
      "whiteSpace" : false
    }, {
      "id" : "s0-t5",
      "begin" : 24,
      "end" : 31,
      "text" : "restart",
      "whiteSpace" : false
    }, {
      "id" : "s0-t6",
      "begin" : 32,
      "end" : 34,
      "text" : "of",
      "whiteSpace" : false
    }, {
      "id" : "s0-t7",
      "begin" : 35,
      "end" : 38,
      "text" : "its",
      "whiteSpace" : false
    }, {
      "id" : "s0-t8",
      "begin" : 39,
      "end" : 42,
      "text" : "MMA",
      "whiteSpace" : false
    }, {
      "id" : "s0-t9",
      "begin" : 43,
      "end" : 48,
      "text" : "plant",
      "whiteSpace" : false
    }, {
      "id" : "s0-t10",
      "begin" : 49,
      "end" : 51,
      "text" : "in",
      "whiteSpace" : false
    }, {
      "id" : "s0-t11",
      "begin" : 52,
      "end" : 60,
      "text" : "Nagasaki",
      "whiteSpace" : false
    }, {
      "id" : "s0-t12",
      "begin" : 61,
      "end" : 64,
      "text" : "due",
      "whiteSpace" : false
    }, {
      "id" : "s0-t13",
      "begin" : 65,
      "end" : 67,
      "text" : "to",
      "whiteSpace" : false
    }, {
      "id" : "s0-t14",
      "begin" : 68,
      "end" : 78,
      "text" : "unexpected",
      "whiteSpace" : false
    }, {
      "id" : "s0-t15",
      "begin" : 79,
      "end" : 89,
      "text" : "mechanical",
      "whiteSpace" : false
    }, {
      "id" : "s0-t16",
      "begin" : 90,
      "end" : 98,
      "text" : "problems",
      "whiteSpace" : false
    }, {
      "id" : "s0-t17",
      "begin" : 99,
      "end" : 101,
      "text" : "RM",
      "whiteSpace" : false
    }, {
      "id" : "s0-t18",
      "begin" : 102,
      "end" : 104,
      "text" : "Co",
      "whiteSpace" : false
    }, {
      "id" : "s0-t19",
      "begin" : 105,
      "end" : 108,
      "text" : "Ltd",
      "whiteSpace" : false
    }, {
      "id" : "s0-t20",
      "begin" : 109,
      "end" : 112,
      "text" : "has",
      "whiteSpace" : false
    }, {
      "id" : "s0-t21",
      "begin" : 113,
      "end" : 117,
      "text" : "shut",
      "whiteSpace" : false
    }, {
      "id" : "s0-t22",
      "begin" : 118,
      "end" : 120,
      "text" : "at",
      "whiteSpace" : false
    }, {
      "id" : "s0-t23",
      "begin" : 121,
      "end" : 124,
      "text" : "the",
      "whiteSpace" : false
    }, {
      "id" : "s0-t24",
      "begin" : 125,
      "end" : 130,
      "text" : "start",
      "whiteSpace" : false
    }, {
      "id" : "s0-t25",
      "begin" : 131,
      "end" : 133,
      "text" : "of",
      "whiteSpace" : false
    }, {
      "id" : "s0-t26",
      "begin" : 134,
      "end" : 138,
      "text" : "this",
      "whiteSpace" : false
    }, {
      "id" : "s0-t27",
      "begin" : 139,
      "end" : 143,
      "text" : "week",
      "whiteSpace" : false
    }, {
      "id" : "s0-t28",
      "begin" : 144,
      "end" : 147,
      "text" : "its",
      "whiteSpace" : false
    }, {
      "id" : "s0-t29",
      "begin" : 148,
      "end" : 155,
      "text" : "150,000",
      "whiteSpace" : false
    }, {
      "id" : "s0-t30",
      "begin" : 156,
      "end" : 161,
      "text" : "tonne",
      "whiteSpace" : false
    }, {
      "id" : "s0-t31",
      "begin" : 161,
      "end" : 162,
      "text" : "/",
      "whiteSpace" : false
    }, {
      "id" : "s0-t32",
      "begin" : 162,
      "end" : 166,
      "text" : "year",
      "whiteSpace" : false
    }, {
      "id" : "s0-t33",
      "begin" : 167,
      "end" : 173,
      "text" : "methyl",
      "whiteSpace" : false
    }, {
      "id" : "s0-t34",
      "begin" : 174,
      "end" : 186,
      "text" : "methacrylate",
      "whiteSpace" : false
    }, {
      "id" : "s0-t35",
      "begin" : 186,
      "end" : 187,
      "text" : "(",
      "whiteSpace" : false
    }, {
      "id" : "s0-t36",
      "begin" : 187,
      "end" : 190,
      "text" : "MMA",
      "whiteSpace" : false
    }, {
      "id" : "s0-t37",
      "begin" : 190,
      "end" : 191,
      "text" : ")",
      "whiteSpace" : false
    }, {
      "id" : "s0-t38",
      "begin" : 192,
      "end" : 197,
      "text" : "plant",
      "whiteSpace" : false
    }, {
      "id" : "s0-t39",
      "begin" : 198,
      "end" : 200,
      "text" : "in",
      "whiteSpace" : false
    }, {
      "id" : "s0-t40",
      "begin" : 201,
      "end" : 210,
      "text" : "Fukushima",
      "whiteSpace" : false
    }, {
      "id" : "s0-t41",
      "begin" : 211,
      "end" : 214,
      "text" : "for",
      "whiteSpace" : false
    }, {
      "id" : "s0-t42",
      "begin" : 215,
      "end" : 222,
      "text" : "planned",
      "whiteSpace" : false
    }, {
      "id" : "s0-t43",
      "begin" : 223,
      "end" : 234,
      "text" : "maintenance",
      "whiteSpace" : false
    } ]
  } ],
  "mentions" : [ {
    "id" : "s0-m10",
    "properties" : {
      "SIRE_MENTION_ROLE" : "Supplier",
      "SIRE_ENTITY_SUBTYPE" : "NONE",
      "SIRE_MENTION_TYPE" : "NONE",
      "SIRE_MENTION_CLASS" : "SPC"
    },
    "type" : "Supplier",
    "begin" : 0,
    "end" : 8,
    "inCoref" : false
  }, {
    "id" : "-M0",
    "properties" : {
      "SIRE_MENTION_ROLE" : "Product_of_Interest",
      "SIRE_ENTITY_CLASS" : "SPC",
      "SIRE_MENTION_TYPE" : "NONE",
      "SIRE_ENTITY_LEVEL" : "NONE",
      "SIRE_ENTITY_SUBTYPE" : "NONE",
      "SIRE_MENTION_CLASS" : "SPC"
    },
    "type" : "Product_of_Interest",
    "begin" : 39,
    "end" : 42,
    "inCoref" : false
  }, {
    "id" : "s0-m15",
    "properties" : {
      "SIRE_MENTION_ROLE" : "Facility",
      "SIRE_ENTITY_SUBTYPE" : "NONE",
      "SIRE_MENTION_TYPE" : "NONE",
      "SIRE_MENTION_CLASS" : "SPC"
    },
    "type" : "Facility",
    "begin" : 52,
    "end" : 60,
    "inCoref" : false
  }, {
    "id" : "s0-m12",
    "properties" : {
      "SIRE_MENTION_ROLE" : "Facility_Production_Down",
      "SIRE_ENTITY_SUBTYPE" : "NONE",
      "SIRE_MENTION_TYPE" : "NONE",
      "SIRE_MENTION_CLASS" : "SPC"
    },
    "type" : "Facility_Production_Down",
    "begin" : 68,
    "end" : 98,
    "inCoref" : false
  }, {
    "id" : "s0-m13",
    "properties" : {
      "SIRE_MENTION_ROLE" : "Supplier",
      "SIRE_ENTITY_SUBTYPE" : "NONE",
      "SIRE_MENTION_TYPE" : "NONE",
      "SIRE_MENTION_CLASS" : "SPC"
    },
    "type" : "Supplier",
    "begin" : 99,
    "end" : 108,
    "inCoref" : false
  }, {
    "id" : "-M3",
    "properties" : {
      "SIRE_MENTION_ROLE" : "Time_Period",
      "SIRE_ENTITY_CLASS" : "SPC",
      "SIRE_MENTION_TYPE" : "NONE",
      "SIRE_ENTITY_LEVEL" : "NONE",
      "SIRE_ENTITY_SUBTYPE" : "NONE",
      "SIRE_MENTION_CLASS" : "SPC"
    },
    "type" : "Time_Period",
    "begin" : 134,
    "end" : 143,
    "inCoref" : false
  }, {
    "id" : "s0-m11",
    "properties" : {
      "SIRE_MENTION_ROLE" : "Capacity",
      "SIRE_ENTITY_SUBTYPE" : "NONE",
      "SIRE_MENTION_TYPE" : "NONE",
      "SIRE_MENTION_CLASS" : "SPC"
    },
    "type" : "Capacity",
    "begin" : 148,
    "end" : 166,
    "inCoref" : false
  }, {
    "id" : "-M6",
    "properties" : {
      "SIRE_MENTION_ROLE" : "Product_of_Interest",
      "SIRE_ENTITY_CLASS" : "SPC",
      "SIRE_MENTION_TYPE" : "NONE",
      "SIRE_ENTITY_LEVEL" : "NONE",
      "SIRE_ENTITY_SUBTYPE" : "NONE",
      "SIRE_MENTION_CLASS" : "SPC"
    },
    "type" : "Product_of_Interest",
    "begin" : 167,
    "end" : 191,
    "inCoref" : false
  }, {
    "id" : "s0-m16",
    "properties" : {
      "SIRE_MENTION_ROLE" : "Facility",
      "SIRE_ENTITY_SUBTYPE" : "NONE",
      "SIRE_MENTION_TYPE" : "NONE",
      "SIRE_MENTION_CLASS" : "SPC"
    },
    "type" : "Facility",
    "begin" : 201,
    "end" : 210,
    "inCoref" : false
  }, {
    "id" : "-M8",
    "properties" : {
      "SIRE_MENTION_ROLE" : "Facility_Production_Down",
      "SIRE_ENTITY_CLASS" : "SPC",
      "SIRE_MENTION_TYPE" : "NONE",
      "SIRE_ENTITY_LEVEL" : "NONE",
      "SIRE_ENTITY_SUBTYPE" : "NONE",
      "SIRE_MENTION_CLASS" : "SPC"
    },
    "type" : "Facility_Production_Down",
    "begin" : 215,
    "end" : 234,
    "inCoref" : false
  } ],
  "relations" : [ {
    "id" : "s0-r11",
    "properties" : { },
    "type" : "StatusforPeriod",
    "args" : [ "-M8", "-M3" ]
  }, {
    "id" : "s0-r12",
    "properties" : { },
    "type" : "SupplierhasaFacility",
    "args" : [ "s0-m10", "s0-m15" ]
  }, {
    "id" : "s0-r13",
    "properties" : { },
    "type" : "isaSupplierOf",
    "args" : [ "s0-m10", "-M0" ]
  }, {
    "id" : "s0-r14",
    "properties" : { },
    "type" : "FacilityhasStatus",
    "args" : [ "s0-m15", "s0-m12" ]
  }, {
    "id" : "s0-r15",
    "properties" : { },
    "type" : "FaciltyProduces",
    "args" : [ "s0-m15", "-M0" ]
  }, {
    "id" : "s0-r16",
    "properties" : { },
    "type" : "SupplierhasaFacility",
    "args" : [ "s0-m13", "s0-m16" ]
  }, {
    "id" : "s0-r17",
    "properties" : { },
    "type" : "FacilityhasStatus",
    "args" : [ "s0-m16", "-M8" ]
  }, {
    "id" : "s0-r18",
    "properties" : { },
    "type" : "FacilityhasCapacity",
    "args" : [ "s0-m16", "s0-m11" ]
  }, {
    "id" : "s0-r19",
    "properties" : { },
    "type" : "isaSupplierOf",
    "args" : [ "s0-m13", "-M6" ]
  }, {
    "id" : "s0-r20",
    "properties" : { },
    "type" : "FaciltyProduces",
    "args" : [ "s0-m16", "-M6" ]
  } ],
  "corefs" : [ ],
  "typeResolved" : true,
  "userResolved" : false
}