{
  "id" : "976f8e10-1845-11e7-9814-c96bd5c70ab3-0",
  "name" : "Test_Document_2.txt",
  "version" : 3,
  "text" : "Sumitomo will delay the restart of its MMA plant in Nagasaki due to unexpected mechanical problems Lucite has shut at the start of this week its 150,000 tonne/year methyl methacrylate(MMA) plant in Jurong Island for scheduled maintenance ",
  "docLength" : 0,
  "language" : "EN",
  "status" : "SUBMITTED",
  "modifiedDate" : 1500536904675,
  "documentSet" : [ ],
  "preannotation" : [ "PRE_SIRE" ],
  "sentences" : [ {
    "id" : "s0",
    "begin" : 0,
    "end" : 237,
    "text" : "Sumitomo will delay the restart of its MMA plant in Nagasaki due to unexpected mechanical problems Lucite has shut at the start of this week its 150,000 tonne/year methyl methacrylate(MMA) plant in Jurong Island for scheduled maintenance",
    "tokens" : [ {
      "id" : "s0-t0",
      "begin" : 0,
      "end" : 8,
      "text" : "Sumitomo",
      "whiteSpace" : false
    }, {
      "id" : "s0-t1",
      "begin" : 9,
      "end" : 13,
      "text" : "will",
      "whiteSpace" : false
    }, {
      "id" : "s0-t2",
      "begin" : 14,
      "end" : 19,
      "text" : "delay",
      "whiteSpace" : false
    }, {
      "id" : "s0-t3",
      "begin" : 20,
      "end" : 23,
      "text" : "the",
      "whiteSpace" : false
    }, {
      "id" : "s0-t4",
      "begin" : 24,
      "end" : 31,
      "text" : "restart",
      "whiteSpace" : false
    }, {
      "id" : "s0-t5",
      "begin" : 32,
      "end" : 34,
      "text" : "of",
      "whiteSpace" : false
    }, {
      "id" : "s0-t6",
      "begin" : 35,
      "end" : 38,
      "text" : "its",
      "whiteSpace" : false
    }, {
      "id" : "s0-t7",
      "begin" : 39,
      "end" : 42,
      "text" : "MMA",
      "whiteSpace" : false
    }, {
      "id" : "s0-t8",
      "begin" : 43,
      "end" : 48,
      "text" : "plant",
      "whiteSpace" : false
    }, {
      "id" : "s0-t9",
      "begin" : 49,
      "end" : 51,
      "text" : "in",
      "whiteSpace" : false
    }, {
      "id" : "s0-t10",
      "begin" : 52,
      "end" : 60,
      "text" : "Nagasaki",
      "whiteSpace" : false
    }, {
      "id" : "s0-t11",
      "begin" : 61,
      "end" : 64,
      "text" : "due",
      "whiteSpace" : false
    }, {
      "id" : "s0-t12",
      "begin" : 65,
      "end" : 67,
      "text" : "to",
      "whiteSpace" : false
    }, {
      "id" : "s0-t13",
      "begin" : 68,
      "end" : 78,
      "text" : "unexpected",
      "whiteSpace" : false
    }, {
      "id" : "s0-t14",
      "begin" : 79,
      "end" : 89,
      "text" : "mechanical",
      "whiteSpace" : false
    }, {
      "id" : "s0-t15",
      "begin" : 90,
      "end" : 98,
      "text" : "problems",
      "whiteSpace" : false
    }, {
      "id" : "s0-t16",
      "begin" : 99,
      "end" : 105,
      "text" : "Lucite",
      "whiteSpace" : false
    }, {
      "id" : "s0-t17",
      "begin" : 106,
      "end" : 109,
      "text" : "has",
      "whiteSpace" : false
    }, {
      "id" : "s0-t18",
      "begin" : 110,
      "end" : 114,
      "text" : "shut",
      "whiteSpace" : false
    }, {
      "id" : "s0-t19",
      "begin" : 115,
      "end" : 117,
      "text" : "at",
      "whiteSpace" : false
    }, {
      "id" : "s0-t20",
      "begin" : 118,
      "end" : 121,
      "text" : "the",
      "whiteSpace" : false
    }, {
      "id" : "s0-t21",
      "begin" : 122,
      "end" : 127,
      "text" : "start",
      "whiteSpace" : false
    }, {
      "id" : "s0-t22",
      "begin" : 128,
      "end" : 130,
      "text" : "of",
      "whiteSpace" : false
    }, {
      "id" : "s0-t23",
      "begin" : 131,
      "end" : 135,
      "text" : "this",
      "whiteSpace" : false
    }, {
      "id" : "s0-t24",
      "begin" : 136,
      "end" : 140,
      "text" : "week",
      "whiteSpace" : false
    }, {
      "id" : "s0-t25",
      "begin" : 141,
      "end" : 144,
      "text" : "its",
      "whiteSpace" : false
    }, {
      "id" : "s0-t26",
      "begin" : 145,
      "end" : 152,
      "text" : "150,000",
      "whiteSpace" : false
    }, {
      "id" : "s0-t27",
      "begin" : 153,
      "end" : 158,
      "text" : "tonne",
      "whiteSpace" : false
    }, {
      "id" : "s0-t28",
      "begin" : 158,
      "end" : 159,
      "text" : "/",
      "whiteSpace" : false
    }, {
      "id" : "s0-t29",
      "begin" : 159,
      "end" : 163,
      "text" : "year",
      "whiteSpace" : false
    }, {
      "id" : "s0-t30",
      "begin" : 164,
      "end" : 170,
      "text" : "methyl",
      "whiteSpace" : false
    }, {
      "id" : "s0-t31",
      "begin" : 171,
      "end" : 183,
      "text" : "methacrylate",
      "whiteSpace" : false
    }, {
      "id" : "s0-t32",
      "begin" : 183,
      "end" : 184,
      "text" : "(",
      "whiteSpace" : false
    }, {
      "id" : "s0-t33",
      "begin" : 184,
      "end" : 187,
      "text" : "MMA",
      "whiteSpace" : false
    }, {
      "id" : "s0-t34",
      "begin" : 187,
      "end" : 188,
      "text" : ")",
      "whiteSpace" : false
    }, {
      "id" : "s0-t35",
      "begin" : 189,
      "end" : 194,
      "text" : "plant",
      "whiteSpace" : false
    }, {
      "id" : "s0-t36",
      "begin" : 195,
      "end" : 197,
      "text" : "in",
      "whiteSpace" : false
    }, {
      "id" : "s0-t37",
      "begin" : 198,
      "end" : 204,
      "text" : "Jurong",
      "whiteSpace" : false
    }, {
      "id" : "s0-t38",
      "begin" : 205,
      "end" : 211,
      "text" : "Island",
      "whiteSpace" : false
    }, {
      "id" : "s0-t39",
      "begin" : 212,
      "end" : 215,
      "text" : "for",
      "whiteSpace" : false
    }, {
      "id" : "s0-t40",
      "begin" : 216,
      "end" : 225,
      "text" : "scheduled",
      "whiteSpace" : false
    }, {
      "id" : "s0-t41",
      "begin" : 226,
      "end" : 237,
      "text" : "maintenance",
      "whiteSpace" : false
    } ]
  } ],
  "mentions" : [ {
    "id" : "s0-m10",
    "properties" : {
      "SIRE_MENTION_ROLE" : "Supplier",
      "SIRE_ENTITY_SUBTYPE" : "NONE",
      "SIRE_MENTION_TYPE" : "NONE",
      "SIRE_MENTION_CLASS" : "SPC"
    },
    "type" : "Supplier",
    "begin" : 0,
    "end" : 8,
    "inCoref" : false
  }, {
    "id" : "-M0",
    "properties" : {
      "SIRE_MENTION_ROLE" : "Product_of_Interest",
      "SIRE_ENTITY_CLASS" : "SPC",
      "SIRE_MENTION_TYPE" : "NONE",
      "SIRE_ENTITY_LEVEL" : "NONE",
      "SIRE_ENTITY_SUBTYPE" : "NONE",
      "SIRE_MENTION_CLASS" : "SPC"
    },
    "type" : "Product_of_Interest",
    "begin" : 39,
    "end" : 42,
    "inCoref" : false
  }, {
    "id" : "s0-m16",
    "properties" : {
      "SIRE_MENTION_ROLE" : "Facility",
      "SIRE_ENTITY_SUBTYPE" : "NONE",
      "SIRE_MENTION_TYPE" : "NONE",
      "SIRE_MENTION_CLASS" : "SPC"
    },
    "type" : "Facility",
    "begin" : 52,
    "end" : 60,
    "inCoref" : false
  }, {
    "id" : "s0-m11",
    "properties" : {
      "SIRE_MENTION_ROLE" : "Facility_Production_Down",
      "SIRE_ENTITY_SUBTYPE" : "NONE",
      "SIRE_MENTION_TYPE" : "NONE",
      "SIRE_MENTION_CLASS" : "SPC"
    },
    "type" : "Facility_Production_Down",
    "begin" : 68,
    "end" : 98,
    "inCoref" : false
  }, {
    "id" : "s0-m12",
    "properties" : {
      "SIRE_MENTION_ROLE" : "Supplier",
      "SIRE_ENTITY_SUBTYPE" : "NONE",
      "SIRE_MENTION_TYPE" : "NONE",
      "SIRE_MENTION_CLASS" : "SPC"
    },
    "type" : "Supplier",
    "begin" : 99,
    "end" : 105,
    "inCoref" : false
  }, {
    "id" : "-M3",
    "properties" : {
      "SIRE_MENTION_ROLE" : "Time_Period",
      "SIRE_ENTITY_CLASS" : "SPC",
      "SIRE_MENTION_TYPE" : "NONE",
      "SIRE_ENTITY_LEVEL" : "NONE",
      "SIRE_ENTITY_SUBTYPE" : "NONE",
      "SIRE_MENTION_CLASS" : "SPC"
    },
    "type" : "Time_Period",
    "begin" : 131,
    "end" : 140,
    "inCoref" : false
  }, {
    "id" : "s0-m13",
    "properties" : {
      "SIRE_MENTION_ROLE" : "Capacity",
      "SIRE_ENTITY_SUBTYPE" : "NONE",
      "SIRE_MENTION_TYPE" : "NONE",
      "SIRE_MENTION_CLASS" : "SPC"
    },
    "type" : "Capacity",
    "begin" : 145,
    "end" : 163,
    "inCoref" : false
  }, {
    "id" : "-M6",
    "properties" : {
      "SIRE_MENTION_ROLE" : "Product_of_Interest",
      "SIRE_ENTITY_CLASS" : "SPC",
      "SIRE_MENTION_TYPE" : "NONE",
      "SIRE_ENTITY_LEVEL" : "NONE",
      "SIRE_ENTITY_SUBTYPE" : "NONE",
      "SIRE_MENTION_CLASS" : "SPC"
    },
    "type" : "Product_of_Interest",
    "begin" : 164,
    "end" : 188,
    "inCoref" : false
  }, {
    "id" : "s0-m17",
    "properties" : {
      "SIRE_MENTION_ROLE" : "Facility",
      "SIRE_ENTITY_SUBTYPE" : "NONE",
      "SIRE_MENTION_TYPE" : "NONE",
      "SIRE_MENTION_CLASS" : "SPC"
    },
    "type" : "Facility",
    "begin" : 198,
    "end" : 211,
    "inCoref" : false
  }, {
    "id" : "-M8",
    "properties" : {
      "SIRE_MENTION_ROLE" : "Facility_Production_Down",
      "SIRE_ENTITY_CLASS" : "SPC",
      "SIRE_MENTION_TYPE" : "NONE",
      "SIRE_ENTITY_LEVEL" : "NONE",
      "SIRE_ENTITY_SUBTYPE" : "NONE",
      "SIRE_MENTION_CLASS" : "SPC"
    },
    "type" : "Facility_Production_Down",
    "begin" : 216,
    "end" : 237,
    "inCoref" : false
  } ],
  "relations" : [ {
    "id" : "s0-r10",
    "properties" : { },
    "type" : "StatusforPeriod",
    "args" : [ "-M8", "-M3" ]
  }, {
    "id" : "s0-r12",
    "properties" : { },
    "type" : "SupplierhasaFacility",
    "args" : [ "s0-m10", "s0-m16" ]
  }, {
    "id" : "s0-r13",
    "properties" : { },
    "type" : "isaSupplierOf",
    "args" : [ "s0-m10", "-M0" ]
  }, {
    "id" : "s0-r14",
    "properties" : { },
    "type" : "FacilityhasStatus",
    "args" : [ "s0-m16", "s0-m11" ]
  }, {
    "id" : "s0-r15",
    "properties" : { },
    "type" : "FaciltyProduces",
    "args" : [ "s0-m16", "-M0" ]
  }, {
    "id" : "s0-r16",
    "properties" : { },
    "type" : "SupplierhasaFacility",
    "args" : [ "s0-m12", "s0-m17" ]
  }, {
    "id" : "s0-r17",
    "properties" : { },
    "type" : "FacilityhasCapacity",
    "args" : [ "s0-m17", "s0-m13" ]
  }, {
    "id" : "s0-r18",
    "properties" : { },
    "type" : "FacilityhasStatus",
    "args" : [ "s0-m17", "-M8" ]
  }, {
    "id" : "s0-r19",
    "properties" : { },
    "type" : "isaSupplierOf",
    "args" : [ "s0-m12", "-M6" ]
  }, {
    "id" : "s0-r20",
    "properties" : { },
    "type" : "FaciltyProduces",
    "args" : [ "s0-m17", "-M6" ]
  } ],
  "corefs" : [ ],
  "typeResolved" : true,
  "userResolved" : false
}