[ {
  "id" : "6011d180-1845-11e7-bdf8-0df35663dd4c-0",
  "name" : "Test_Document.txt",
  "text" : "ACV Corp will delay the restart of its MMA plant in Puthurkara due to unexpected mechanical problems RM Co Ltd has shut at the start of this week its 150,000 tonne/year methyl methacrylate(MMA) plant in Kareemnagar for planned maintenance ",
  "status" : "SUBMITTED",
  "modifiedDate" : 1491294074116
}, {
  "id" : "6eb38c60-0bbb-11e7-a612-ff9c6742bb13-0",
  "name" : "AP_1.txt",
  "text" : "SPOT PRICES - CARGOES OF 500 MT OR MORE\r\nPrice Range Four Weeks Ago US CTS/lb\r\nCFR SE Asia USD/tonne +30 1825.00-1830.00 +30 1775.00-1780.00 82.78-83.01\r\nCFR Taiwan USD/tonne +30 1825.00-1830.00 +30 1775.00-1780.00 82.78-83.01\r\nCFR South Korea USD/tonne +30 1825.00-1830.00 +30 1775.00-1780.00 82.78-83.01\r\nSPOT PRICES - CARGOES OF 20 - 300 MT\r\nPrice Range Four Weeks Ago US CTS/lb\r\nCFR SE Asia USD/tonne +30 1830.00-1880.00 +30 1780.00-1850.00 83.01-85.28\r\nSubscriber note: The domestic yuan (CNY) prices in the\r\nMethyl Methacrylate (Asia Pacific) weekly report on 7\r\nOctober 2016 will not be assessed due to a public holiday in\r\nChina. \r\nOverview\r\n- Regional tight supply persists\r\n- Firmer market sentiment drives up SE Asia prices\r\n- China markets closed for public holiday\r\nPrice chart: MMA Southeast Asia vs PMMA Southeast Asia\r\nAsia spot markets\r\nSpot prices of methyl methacrylate (MMA) in southeast Asia\r\nwere assessed as firmer in the week ended 7 October,\r\nbolstered by firmer market discussions amid unabated supply\r\nshortfalls.\r\nFresh spot October MMA business materialised in the week,\r\nagainst a backdrop of a persistent constrained supply scenario\r\noutweighing consumer demand.\r\nA couple of 20-300 tonnes MMA cargoes were understood to\r\nhave fetched the mid $1,800s/tonne CFR southeast Asia for\r\nOctober delivery.\r\nA 20-40 tonne size MMA shipment of southeast Asia origin was\r\nalso negotiated at the low $1,800s/tonne CFR southeast Asia for\r\nOctober delivery.\r\nMarket sentiment was driven by supply availability across the\r\nregion being squeezed, even as downstream polymethyl\r\nmethacrylate demand in southeast Asia was stable yet not\r\nparticularly robust, market sources said.\r\nTaking into consideration the current firm market climate where\r\na majority of regional suppliers are at short positions, a buildup\r\nin inventories is needed to alleviate the supply crunch\r\nsituation, a southeast Asia based market source said.\r\nThe buoyant market mood comes even as markets in China\r\nwere closed for the Golden Week National holiday.\r\nSeveral market players characterised the current tight-supplied\r\nmarket as one which leaned towards sellers, or a ‘merchants’\r\nmarket’ somewhat, leaving limited room for negotiation on the\r\nbuying side.\r\nAsking levels on the selling side for MMA spot shipments in 20-\r\n300 tonnes were near $1,880/tonne CFR southeast Asia, while\r\nmarket sources viewed workable levels for trades to be carried\r\nout at the low to mid $1,800s/tonne CFR southeast Asia.\r\nHowever, there was also market concern on the narrowing\r\nspread between raw material MMA and downstream PMMA\r\nprices, squeezing margins for downstream makers.\r\nThis in part clouded market outlook in the near term, although\r\nregional sources as a whole saw prevailing MMA prices at their\r\nceiling.\r\nOn production, Asahi Kasei Corp has shut at the start of this\r\nweek its 100,000 tonne/year methyl methacrylate (MMA) plant\r\nin Kawasaki for scheduled maintenance. The routine overhaul\r\nof the plant is expected to last about 40 days, in line with its\r\ninitial maintenance plan. \r\nStill in Japan, Mitsubishi Gas Chemical Co (MGC) will delay the\r\nrestart of its MMA plant in Niigata owing to unexpected mechanical problems, according to sources with knowledge of\r\nthe matter. The plant is expected to resume operations in two\r\nweeks’ time or around 20 October. It was originally due to\r\nrestart on 7 October following regular maintenance. The\r\ndelayed restart comes in the wake of a lingering tight supply\r\nsituation in Asia-Pacific. \r\nThere were limited concrete discussions for MMA spot cargoes\r\nin 500 tonnes or more, with spot regional prices assessed in line\r\nwith the upward movement for smaller shipments of 20-300\r\ntonnes.\r\nChinese domestic market\r\nChinese domestic MMA markets were closed for the Golden\r\nWeek public holiday.\r\nOther Regional Markets\r\nIn South Korea, supply shortfalls against a backdrop of\r\nscheduled plant maintenance lent support to domestic prices.\r\nSpot MMA cargoes were discussed at Korean Won 1,970-\r\n2,000/kg DEL for October, in line with the preceding week.\r\nUpstream\r\nCrude futures prices rose by 7.5-9% in the week ended 7\r\nOctober. Crude values climbed close to the highest levels\r\nrecorded this year. Prices were buoyed by easing oversupply\r\nworries following the OPEC decision to cut production and after\r\nan unexpected fall in US crude inventories. Prices rose despite a\r\nstronger US dollar which climbed amid growing expectations\r\nthat the US Federal Reserve will raise interest rates.\r\nDownstream related\r\nSpot prices of general purpose (GP) grade polymethyl\r\nmethacrylate (PMMA) were firmer in southeast Asia and stable\r\nin China for the week ended 6 October, based on spot business\r\ndone and discussions in the market.",
  "status" : "SUBMITTED",
  "modifiedDate" : 1493643653441
}, {
  "id" : "6eb38c60-0bbb-11e7-a612-ff9c6742bb13-1",
  "name" : "AP_2.txt",
  "text" : "SPOT PRICES - CARGOES OF 500 MT OR MORE\r\nPrice Range Four Weeks Ago US CTS/lb\r\nCFR SE Asia USD/tonne +20 1845.00-1850.00 +20 1780.00-1785.00 83.69-83.91\r\nCFR Taiwan USD/tonne +20 1845.00-1850.00 +20 1780.00-1785.00 83.69-83.91\r\nCFR South Korea USD/tonne +20 1845.00-1850.00 +20 1780.00-1785.00 83.69-83.91\r\nSPOT PRICES - CARGOES OF 20 - 300 MT\r\nPrice Range Four Weeks Ago US CTS/lb\r\nCFR SE Asia USD/tonne +20 1850.00-1900.00 +20 1785.00-1850.00 83.91-86.18\r\nOverview\r\n- Plant disruptions crimp cargo availability\r\n- Regional supply tightness persists\r\n- China domestic markets strengthen\r\nPrice chart: MMA Southeast Asia vs PMMA Southeast Asia\r\nAsia spot markets\r\nSpot prices of methyl methacrylate (MMA) in southeast Asia\r\nstrengthened in the week ended 14 October, driven by an\r\nunabated supply shortfall situation outstripping import\r\ndemand.\r\nNegotiations were ongoing for October, with some market\r\nplayers near sold-out positions on the back of increasing spot\r\nenquiries from southeast Asian outlets.\r\nA drummed cargo of southeast Asia origin MMA was\r\nunderstood to have fetched the equivalent of the mid\r\n$1,800s/tonne CFR southeast Asia basis for early November\r\ndelivery. Details on the deal, however, could not be verified.\r\nOn MMA cargoes of 20-300 tonnes, workable levels on the\r\nbuying side were viewed by market sources at around\r\n$1,850/tonne CFR southeast Asia. Selling indications were\r\nplaced at $1,900/tonne CFR southeast Asia and above.\r\nThere were market sources who considered a workable level for\r\nspot November business to be concluded within the $1,850-\r\n1,900/tonne CFR southeast Asia range for cargoes of this size.\r\nMeanwhile, the overall tight supply scenario spilled over to\r\nChina, fuelling domestic MMA prices there.\r\nFirmer import buying appetite, with suppliers citing increased\r\nspot enquiries for emulsion resins applications helped to boost\r\nmarket sentiment, coinciding with cargo supply constraints\r\nfaced by several major regional producers.\r\nBy and large, the current market climate was characterised as\r\none skewed towards sellers, leaving little room for negotiation\r\non the buying side.\r\nEscalating MMA prices have, in turn, compelled downstream\r\n(PMMA) suppliers to raise their asking levels even as overall\r\ndemand was just moderate, according to regional sources.\r\nWhile there was market concern on the fast diminishing spread\r\nbetween MMA and downstream PMMA – squeezing margins for\r\nsellers of the latter product – it was unclear whether MMA\r\nprices have truly reached their peak.\r\nOn production, Japan’s Mitsubishi Gas Chemical Co (MGC) has\r\nyet to restart its MMA plant in Niigata owing to unexpected\r\nmechanical problems, according to a source familiar with its\r\noperations. The plant is expected to resume operations around\r\n20 October. It was originally due to restart on 7 October\r\nfollowing regular maintenance. The delayed restart of the plant\r\ncomes amid persistently constrained supply availability across\r\nAsia-Pacific.\r\nFellow Japanese producer Asahi Kasei Corp is carrying out\r\nscheduled maintenance at its 100,000 tonne/year MMA plant in\r\nKawasaki. The regular overhaul of the plant is expected to last\r\nabout 40 days, following its shutdown since the start of\r\nOctober.\r\nThere were limited concrete discussions for MMA spot cargoes\r\nin 500 tonnes or more, with spot regional prices assessed in line\r\nwith the upward movement for smaller shipments of 20-300\r\ntonnes.\r\nChinese domestic market\r\nChinese domestic MMA prices were up sharply following the\r\nweek-long public holiday on the back of tight supply in eastern\r\nand southern areas, overshadowing downstream demand.\r\nMMA Domestic Spot Prices (in CNY/tonne)\r\nEast China\r\n(ex-tank) +1000 15,200-\r\n16,000 +1000\r\nSouth China\r\n(DEL) +1200 16,400-\r\n17,000 +1500\r\nOther regional markets\r\nIn South Korean domestic markets, spot supply limitations amid\r\nscheduled plant maintenance supported prices. MMA cargoes\r\nwere discussed at Korean Won 1,970-2,000/kg DEL for October,\r\nstable with the previous week.\r\nUpstream\r\nCrude futures prices fell 0.5-1.5% in the week ended 14\r\nOctober. Crude values eased on a stronger US dollar, an\r\nunexpected large build in US crude stocks and news that OPEC\r\nproduction in September hit a record 33.6m bbl/day. Earlier in\r\nthe week, optimism that OPEC and non-OPEC producers would\r\nreach an agreement to cut production helped push ICE Brent\r\nfutures to the highest levels seen this year. However, doubts\r\nlater surfaced regarding the ability of producers to implement\r\noutput cuts that would be sufficient to rebalance the market.\r\nDownstream related\r\nSpot prices of general purpose (GP) grade PMMA were firmer in\r\nsoutheast Asia and China for the week ended 13 October,\r\nbased on prevailing market discussions.",
  "status" : "SUBMITTED",
  "modifiedDate" : 1493706039788
}, {
  "id" : "6eb38c60-0bbb-11e7-a612-ff9c6742bb13-2",
  "name" : "AP_3.txt",
  "text" : "SPOT PRICES - CARGOES OF 500 MT OR MORE\r\nPrice Range Four Weeks Ago US CTS/lb\r\nCFR SE Asia USD/tonne n/c 1845.00-1850.00 n/c 1790.00-1795.00 83.69-83.91\r\nCFR Taiwan USD/tonne n/c 1845.00-1850.00 n/c 1790.00-1795.00 83.69-83.91\r\nCFR South Korea USD/tonne n/c 1845.00-1850.00 n/c 1790.00-1795.00 83.69-83.91\r\nSPOT PRICES - CARGOES OF 20 - 300 MT\r\nPrice Range Four Weeks Ago US CTS/lb\r\nCFR SE Asia USD/tonne +25 1875.00-1950.00 +50 1795.00-1850.00 85.05-88.45\r\nOverview\r\n- Constrained spot supply lingers\r\n- Southeast Asia small parcels trade higher\r\n- Chinese domestic prices stable to soft\r\nPrice chart: MMA Southeast Asia vs PMMA Southeast Asia\r\nAsia spot markets\r\nSpot prices of methyl methacrylate (MMA) in Asia-Pacific were\r\nassessed as stable to firm in the week ended 21 October, based\r\non spot business reached and prevailing market discussions.\r\nMarket negotiations were ongoing for spot November material\r\namid a stream of spot enquiries coming through from\r\nsoutheast Asia outlets for December as well, pointing to healthy\r\ndemand as a whole.\r\nSeveral spot parcels in 20-300 tonnes were concluded at\r\n$1,875/tonne CFR southeast Asia for November delivery.\r\nSeparately, cargoes of this size were believed to have fetched\r\nlevels at $1,900/tonne CFR southeast Asia for early November\r\ndelivery.\r\nSelling indications for spot cargoes in 20-300 tonnes were near\r\nthe mid $1,900s/tonne CFR southeast Asia, while workable\r\nlevels on the buying side were viewed by market sources at the\r\nhigh $1,800s/tonne CFR southeast Asia.\r\nMeanwhile, there were market participants who were of the\r\nview there lies a spread value possibly capped at under\r\n$50/tonne between MMA cargoes of this size and bulk\r\nshipments of more than 500 tonnes.\r\nThis was in part attributed to limited capacity for buyers of bulk\r\ncargoes in cast sheet acrylic sectors to absorb prevailing high\r\nprices, a scenario that was considered more apparent for\r\nsmaller shipments of 20-300 tonnes given the current tight\r\nsupplied market.\r\nIn this respect, actual spot business for cargoes in more than\r\n500 tonnes are limited at this time, if any at all, according to\r\nmarket sources.\r\nIt was unclear whether spot prices of MMA cargoes in more\r\nthan 500 tonnes can be achieved at higher prices, taking into\r\naccount the current market conditions, with prices assessed as\r\nunchanged for these large shipments.\r\nThere were also market participants who viewed current spot\r\nprices nearing the end of the upward trend moving into\r\nNovember, although overall spot supply availability is expected\r\nto remain relatively snug in the short term.\r\nThe upward price momentum of MMA in recent weeks has\r\nconsequently led to downstream polymethyl methacrylate\r\nmakers raising their asking levels even as overall demand was\r\njust moderate, market sources said.\r\nJapan’s Mitsubishi Gas Chemical Co (MGC) restarted on 21\r\nOctober its 40,000 tonnes/year MMA plant in Niigata, according\r\nto a source familiar with the matter. Plant operating rates are\r\ngradually being ramped up and are expected to reach full\r\ncapacity soon. MGC’s plant was originally due to restart on 7\r\nOctober following routine maintenance.\r\nFellow Japanese producer Asahi Kasei Corp is conducting\r\nscheduled maintenance at its 100,000 tonne/year MMA plant in\r\nKawasaki. The turnaround is expected to last about 40 days\r\nfrom the start of October.\r\nSeparately, there was market talk about disruptions affecting\r\nEuropean producer BASF’s crackers in Germany earlier this\r\nweek. But it was unclear whether this had direct influence on\r\nMMA markets in Asia, if any.\r\nIn the near term, spot MMA prices are expected to taper off\r\ntowards the seasonal lull as the year end approaches.\r\nChinese domestic market\r\nChinese domestic MMA prices were stable to soft, following the\r\nprevious weeks of sharp increases.\r\nMMA Domestic Spot Prices (in CNY/tonne)\r\nEast China\r\n(ex-tank) n/c 15,200-\r\n15,800 -200\r\nSouth China\r\n(DEL) n/c 16,400-\r\n16,800 -200\r\nOther Regional Markets\r\nIn South Korea, limitations on spot supply availability amid\r\nscheduled plant maintenance offered support to domestic\r\nprices. MMA cargoes were discussed at Korean Won 1,970-\r\n2,000/kg DEL for October, in line with the preceding week.\r\nIn India, spot iso-tank parcels were understood to have fetched\r\nthe mid to high $1,900s/tonne CIF India for early November\r\ndelivery. There were limited concrete discussions relating to\r\nspot bulk material bound for India amid supply constraint in\r\nAsia.\r\nUpstream\r\nBrent crude futures prices fell by 1-2% in the week ended 21\r\nOctober, while US WTI crude values were range-bound after a\r\ncontract roll. Crude values were undermined towards the\r\nweek’s end by a stronger US dollar and comments from\r\nExxonMobil that concerns of a future supply shortage had been\r\noverstated. Earlier in the week, US crude values hit new highs\r\nfor the year, buoyed by an unexpected large fall in US crude\r\nstocks and growing confidence that OPEC will approve a deal to\r\ncut production at its conference on 30 November.\r\nDownstream related\r\nSpot prices of general purpose (GP) grade polymethyl\r\nmethacrylate (PMMA) were stable in southeast Asia and stable\r\nto firm in China for the week ended 21 October, in line with\r\nmarket discussions.",
  "status" : "SUBMITTED",
  "modifiedDate" : 1493706337896
}, {
  "id" : "6eb38c60-0bbb-11e7-a612-ff9c6742bb13-3",
  "name" : "AP_4.txt",
  "text" : "SPOT PRICES - CARGOES OF 500 MT OR MORE\r\nPrice Range Four Weeks Ago US CTS/lb\r\nCFR SE Asia USD/tonne n/c 1845.00-1850.00 n/c 1795.00-1800.00 83.69-83.91\r\nCFR Taiwan USD/tonne n/c 1845.00-1850.00 n/c 1795.00-1800.00 83.69-83.91\r\nCFR South Korea USD/tonne n/c 1845.00-1850.00 n/c 1795.00-1800.00 83.69-83.91\r\nSPOT PRICES - CARGOES OF 20 - 300 MT\r\nPrice Range Four Weeks Ago US CTS/lb\r\nCFR SE Asia USD/tonne n/c 1875.00-1950.00 n/c 1800.00-1850.00 85.05-88.45\r\nOverview\r\n- Market fundamentals little changed\r\n- Southeast Asia spot trading thin\r\n- Chinese domestic prices weaken\r\nPrice chart: MMA Southeast Asia vs PMMA Southeast Asia\r\nAsia spot markets\r\nSpot prices of methyl methacrylate (MMA) in Asia-Pacific were\r\nassessed as stable in the week ended 28 October, taking into\r\naccount prevailing market indications.\r\nNegotiations for spot November delivery material are in place,\r\nagainst a backdrop of relatively snug cargo availability\r\noutweighing demand as a whole.\r\nDuring the week, a drummed cargo of MMA of southeast Asia\r\norigin fetched the low $2,000s/tonne on a truck delivery basis.\r\nThe deal that could not be verified was estimated to net back to\r\nthe equivalent of around $1,875/tonne CFR southeast Asia.\r\nThere were otherwise limited fresh MMA cargo deals detected\r\nin the week on the southeast Asia front.\r\nOn spot MMA parcels in 20-300 tonnes, selling indications were\r\nat around $1,950/tonne CFR southeast Asia, while workable\r\nlevels on the buying side were viewed by market sources at the\r\nhigh $1,800s/tonne CFR southeast Asia.\r\nMarket sentiment in the near term was optimistic on\r\nexpectations of prices stabilising, with overall supply likely to\r\nstay relatively snug.\r\nOn the flipside, with downstream polymethyl methacrylate\r\ndemand stable at best, it was uncertain whether spot MMA\r\nprices may have already peaked amid a lack of bullish market\r\nfactors, compared with previous weeks where the tight supply\r\nscenario was more apparent.\r\nWith the year-end approaching which is when demand typically\r\nslows, spot prices are expected to see limited fluctuations.\r\nJapan’s Mitsubishi Gas Chemical Co (MGC) is running its 40,000\r\ntonne/year MMA plant in Niigata at close to full capacity, having\r\nrecently resumed operations. Overall plant output is expected\r\nto be maintained at the same level in November, with no major\r\nissues currently. The MMA plant was restarted on 21 October,\r\nhaving completed scheduled maintenance that ran from mid-\r\nAugust.\r\nJapanese producer Asahi Kasei Corp is carrying out a scheduled\r\nturnaround at its 100,000 tonne/year MMA plant in Kawasaki.\r\nThe turnaround is expected to last about 40 days from the start\r\nof October.\r\nThere were limited concrete discussions for MMA spot cargoes\r\nin 500 tonnes or more, with spot regional prices assessed in line\r\nwith smaller shipments of 20-300 tonnes.\r\nChinese domestic market\r\nChinese domestic MMA prices edged lower as earlier\r\nconstraints in spot supply eased.\r\nMMA Domestic Spot Prices (in CNY/tonne)\r\nEast China\r\n(ex-tank) -100 15,100-\r\n15,500 -300\r\nSouth China\r\n(DEL) -300 16,100-\r\n16,500 -300\r\nOther Regional Markets\r\nIn South Korean domestic markets, limited spot supply on the\r\nback of planned plant maintenance provided support to market\r\nsentiment. MMA cargoes were discussed at Korean Won (W)\r\n1,970-2,000/kg DEL, stable with the previous week’s range.\r\nUpstream\r\nCrude futures prices declined around 1-2% in the week ended\r\n28 October. Prices eased amid doubts regarding OPEC’s ability\r\nto agree on output cuts ahead of an OPEC meeting over the\r\nweekend. During the week, Iraq announced it would seek\r\nexemption from any deal to curb production. Key non-OPEC\r\nproducer, Russia also indicated an unwillingness to cut\r\nproduction. Meanwhile, a surprise drawdown in US crude\r\ninventories provided some support, while the US dollar also\r\neased off highs hit earlier in the week.\r\nDownstream related\r\nSpot prices of general purpose (GP) grade polymethyl\r\nmethacrylate (PMMA) were firmer in southeast Asia and China\r\nin the week ended 27 October, based on spot business reached\r\nand market discussions.",
  "status" : "SUBMITTED",
  "modifiedDate" : 1493707332555
}, {
  "id" : "7f5681a0-2ce8-11e7-9f47-e9245c076786-0",
  "name" : "AP_1_date_added.txt",
  "text" : "7 Oct 2016 \nSPOT PRICES - CARGOES OF 500 MT OR MORE\r\nPrice Range Four Weeks Ago US CTS/lb\r\nCFR SE Asia USD/tonne +30 1825.00-1830.00 +30 1775.00-1780.00 82.78-83.01\r\nCFR Taiwan USD/tonne +30 1825.00-1830.00 +30 1775.00-1780.00 82.78-83.01\r\nCFR South Korea USD/tonne +30 1825.00-1830.00 +30 1775.00-1780.00 82.78-83.01\r\nSPOT PRICES - CARGOES OF 20 - 300 MT\r\nPrice Range Four Weeks Ago US CTS/lb\r\nCFR SE Asia USD/tonne +30 1830.00-1880.00 +30 1780.00-1850.00 83.01-85.28\r\nSubscriber note: The domestic yuan (CNY) prices in the\r\nMethyl Methacrylate (Asia Pacific) weekly report on 7\r\nOctober 2016 will not be assessed due to a public holiday in\r\nChina. \r\nOverview\r\n- Regional tight supply persists\r\n- Firmer market sentiment drives up SE Asia prices\r\n- China markets closed for public holiday\r\nPrice chart: MMA Southeast Asia vs PMMA Southeast Asia\r\nAsia spot markets\r\nSpot prices of methyl methacrylate (MMA) in southeast Asia\r\nwere assessed as firmer in the week ended 7 October,\r\nbolstered by firmer market discussions amid unabated supply\r\nshortfalls.\r\nFresh spot October MMA business materialised in the week,\r\nagainst a backdrop of a persistent constrained supply scenario\r\noutweighing consumer demand.\r\nA couple of 20-300 tonnes MMA cargoes were understood to\r\nhave fetched the mid $1,800s/tonne CFR southeast Asia for\r\nOctober delivery.\r\nA 20-40 tonne size MMA shipment of southeast Asia origin was\r\nalso negotiated at the low $1,800s/tonne CFR southeast Asia for\r\nOctober delivery.\r\nMarket sentiment was driven by supply availability across the\r\nregion being squeezed, even as downstream polymethyl\r\nmethacrylate demand in southeast Asia was stable yet not\r\nparticularly robust, market sources said.\r\nTaking into consideration the current firm market climate where\r\na majority of regional suppliers are at short positions, a buildup\r\nin inventories is needed to alleviate the supply crunch\r\nsituation, a southeast Asia based market source said.\r\nThe buoyant market mood comes even as markets in China\r\nwere closed for the Golden Week National holiday.\r\nSeveral market players characterised the current tight-supplied\r\nmarket as one which leaned towards sellers, or a ‘merchants’\r\nmarket’ somewhat, leaving limited room for negotiation on the\r\nbuying side.\r\nAsking levels on the selling side for MMA spot shipments in 20-\r\n300 tonnes were near $1,880/tonne CFR southeast Asia, while\r\nmarket sources viewed workable levels for trades to be carried\r\nout at the low to mid $1,800s/tonne CFR southeast Asia.\r\nHowever, there was also market concern on the narrowing\r\nspread between raw material MMA and downstream PMMA\r\nprices, squeezing margins for downstream makers.\r\nThis in part clouded market outlook in the near term, although\r\nregional sources as a whole saw prevailing MMA prices at their\r\nceiling.\r\nOn production, Asahi Kasei Corp has shut at the start of this\r\nweek its 100,000 tonne/year methyl methacrylate (MMA) plant\r\nin Kawasaki for scheduled maintenance. The routine overhaul\r\nof the plant is expected to last about 40 days, in line with its\r\ninitial maintenance plan. \r\nStill in Japan, Mitsubishi Gas Chemical Co (MGC) will delay the\r\nrestart of its MMA plant in Niigata owing to unexpected mechanical problems, according to sources with knowledge of\r\nthe matter. The plant is expected to resume operations in two\r\nweeks’ time or around 20 October. It was originally due to\r\nrestart on 7 October following regular maintenance. The\r\ndelayed restart comes in the wake of a lingering tight supply\r\nsituation in Asia-Pacific. \r\nThere were limited concrete discussions for MMA spot cargoes\r\nin 500 tonnes or more, with spot regional prices assessed in line\r\nwith the upward movement for smaller shipments of 20-300\r\ntonnes.\r\nChinese domestic market\r\nChinese domestic MMA markets were closed for the Golden\r\nWeek public holiday.\r\nOther Regional Markets\r\nIn South Korea, supply shortfalls against a backdrop of\r\nscheduled plant maintenance lent support to domestic prices.\r\nSpot MMA cargoes were discussed at Korean Won 1,970-\r\n2,000/kg DEL for October, in line with the preceding week.\r\nUpstream\r\nCrude futures prices rose by 7.5-9% in the week ended 7\r\nOctober. Crude values climbed close to the highest levels\r\nrecorded this year. Prices were buoyed by easing oversupply\r\nworries following the OPEC decision to cut production and after\r\nan unexpected fall in US crude inventories. Prices rose despite a\r\nstronger US dollar which climbed amid growing expectations\r\nthat the US Federal Reserve will raise interest rates.\r\nDownstream related\r\nSpot prices of general purpose (GP) grade polymethyl\r\nmethacrylate (PMMA) were firmer in southeast Asia and stable\r\nin China for the week ended 6 October, based on spot business\r\ndone and discussions in the market.",
  "status" : "SUBMITTED",
  "modifiedDate" : 1493644025367
}, {
  "id" : "7f5681a0-2ce8-11e7-9f47-e9245c076786-1",
  "name" : "AP_2_date_added.txt",
  "text" : "14 Oct 2016 \nSPOT PRICES - CARGOES OF 500 MT OR MORE\r\nPrice Range Four Weeks Ago US CTS/lb\r\nCFR SE Asia USD/tonne +20 1845.00-1850.00 +20 1780.00-1785.00 83.69-83.91\r\nCFR Taiwan USD/tonne +20 1845.00-1850.00 +20 1780.00-1785.00 83.69-83.91\r\nCFR South Korea USD/tonne +20 1845.00-1850.00 +20 1780.00-1785.00 83.69-83.91\r\nSPOT PRICES - CARGOES OF 20 - 300 MT\r\nPrice Range Four Weeks Ago US CTS/lb\r\nCFR SE Asia USD/tonne +20 1850.00-1900.00 +20 1785.00-1850.00 83.91-86.18\r\nOverview\r\n- Plant disruptions crimp cargo availability\r\n- Regional supply tightness persists\r\n- China domestic markets strengthen\r\nPrice chart: MMA Southeast Asia vs PMMA Southeast Asia\r\nAsia spot markets\r\nSpot prices of methyl methacrylate (MMA) in southeast Asia\r\nstrengthened in the week ended 14 October, driven by an\r\nunabated supply shortfall situation outstripping import\r\ndemand.\r\nNegotiations were ongoing for October, with some market\r\nplayers near sold-out positions on the back of increasing spot\r\nenquiries from southeast Asian outlets.\r\nA drummed cargo of southeast Asia origin MMA was\r\nunderstood to have fetched the equivalent of the mid\r\n$1,800s/tonne CFR southeast Asia basis for early November\r\ndelivery. Details on the deal, however, could not be verified.\r\nOn MMA cargoes of 20-300 tonnes, workable levels on the\r\nbuying side were viewed by market sources at around\r\n$1,850/tonne CFR southeast Asia. Selling indications were\r\nplaced at $1,900/tonne CFR southeast Asia and above.\r\nThere were market sources who considered a workable level for\r\nspot November business to be concluded within the $1,850-\r\n1,900/tonne CFR southeast Asia range for cargoes of this size.\r\nMeanwhile, the overall tight supply scenario spilled over to\r\nChina, fuelling domestic MMA prices there.\r\nFirmer import buying appetite, with suppliers citing increased\r\nspot enquiries for emulsion resins applications helped to boost\r\nmarket sentiment, coinciding with cargo supply constraints\r\nfaced by several major regional producers.\r\nBy and large, the current market climate was characterised as\r\none skewed towards sellers, leaving little room for negotiation\r\non the buying side.\r\nEscalating MMA prices have, in turn, compelled downstream\r\n(PMMA) suppliers to raise their asking levels even as overall\r\ndemand was just moderate, according to regional sources.\r\nWhile there was market concern on the fast diminishing spread\r\nbetween MMA and downstream PMMA – squeezing margins for\r\nsellers of the latter product – it was unclear whether MMA\r\nprices have truly reached their peak.\r\nOn production, Japan’s Mitsubishi Gas Chemical Co (MGC) has\r\nyet to restart its MMA plant in Niigata owing to unexpected\r\nmechanical problems, according to a source familiar with its\r\noperations. The plant is expected to resume operations around\r\n20 October. It was originally due to restart on 7 October\r\nfollowing regular maintenance. The delayed restart of the plant\r\ncomes amid persistently constrained supply availability across\r\nAsia-Pacific.\r\nFellow Japanese producer Asahi Kasei Corp is carrying out\r\nscheduled maintenance at its 100,000 tonne/year MMA plant in\r\nKawasaki. The regular overhaul of the plant is expected to last\r\nabout 40 days, following its shutdown since the start of\r\nOctober.\r\nThere were limited concrete discussions for MMA spot cargoes\r\nin 500 tonnes or more, with spot regional prices assessed in line\r\nwith the upward movement for smaller shipments of 20-300\r\ntonnes.\r\nChinese domestic market\r\nChinese domestic MMA prices were up sharply following the\r\nweek-long public holiday on the back of tight supply in eastern\r\nand southern areas, overshadowing downstream demand.\r\nMMA Domestic Spot Prices (in CNY/tonne)\r\nEast China\r\n(ex-tank) +1000 15,200-\r\n16,000 +1000\r\nSouth China\r\n(DEL) +1200 16,400-\r\n17,000 +1500\r\nOther regional markets\r\nIn South Korean domestic markets, spot supply limitations amid\r\nscheduled plant maintenance supported prices. MMA cargoes\r\nwere discussed at Korean Won 1,970-2,000/kg DEL for October,\r\nstable with the previous week.\r\nUpstream\r\nCrude futures prices fell 0.5-1.5% in the week ended 14\r\nOctober. Crude values eased on a stronger US dollar, an\r\nunexpected large build in US crude stocks and news that OPEC\r\nproduction in September hit a record 33.6m bbl/day. Earlier in\r\nthe week, optimism that OPEC and non-OPEC producers would\r\nreach an agreement to cut production helped push ICE Brent\r\nfutures to the highest levels seen this year. However, doubts\r\nlater surfaced regarding the ability of producers to implement\r\noutput cuts that would be sufficient to rebalance the market.\r\nDownstream related\r\nSpot prices of general purpose (GP) grade PMMA were firmer in\r\nsoutheast Asia and China for the week ended 13 October,\r\nbased on prevailing market discussions.",
  "status" : "SUBMITTED",
  "modifiedDate" : 1493644925807
}, {
  "id" : "7f5681a0-2ce8-11e7-9f47-e9245c076786-2",
  "name" : "AP_3_date_added.txt",
  "text" : "21 Oct 2016 \nSPOT PRICES - CARGOES OF 500 MT OR MORE\r\nPrice Range Four Weeks Ago US CTS/lb\r\nCFR SE Asia USD/tonne n/c 1845.00-1850.00 n/c 1790.00-1795.00 83.69-83.91\r\nCFR Taiwan USD/tonne n/c 1845.00-1850.00 n/c 1790.00-1795.00 83.69-83.91\r\nCFR South Korea USD/tonne n/c 1845.00-1850.00 n/c 1790.00-1795.00 83.69-83.91\r\nSPOT PRICES - CARGOES OF 20 - 300 MT\r\nPrice Range Four Weeks Ago US CTS/lb\r\nCFR SE Asia USD/tonne +25 1875.00-1950.00 +50 1795.00-1850.00 85.05-88.45\r\nOverview\r\n- Constrained spot supply lingers\r\n- Southeast Asia small parcels trade higher\r\n- Chinese domestic prices stable to soft\r\nPrice chart: MMA Southeast Asia vs PMMA Southeast Asia\r\nAsia spot markets\r\nSpot prices of methyl methacrylate (MMA) in Asia-Pacific were\r\nassessed as stable to firm in the week ended 21 October, based\r\non spot business reached and prevailing market discussions.\r\nMarket negotiations were ongoing for spot November material\r\namid a stream of spot enquiries coming through from\r\nsoutheast Asia outlets for December as well, pointing to healthy\r\ndemand as a whole.\r\nSeveral spot parcels in 20-300 tonnes were concluded at\r\n$1,875/tonne CFR southeast Asia for November delivery.\r\nSeparately, cargoes of this size were believed to have fetched\r\nlevels at $1,900/tonne CFR southeast Asia for early November\r\ndelivery.\r\nSelling indications for spot cargoes in 20-300 tonnes were near\r\nthe mid $1,900s/tonne CFR southeast Asia, while workable\r\nlevels on the buying side were viewed by market sources at the\r\nhigh $1,800s/tonne CFR southeast Asia.\r\nMeanwhile, there were market participants who were of the\r\nview there lies a spread value possibly capped at under\r\n$50/tonne between MMA cargoes of this size and bulk\r\nshipments of more than 500 tonnes.\r\nThis was in part attributed to limited capacity for buyers of bulk\r\ncargoes in cast sheet acrylic sectors to absorb prevailing high\r\nprices, a scenario that was considered more apparent for\r\nsmaller shipments of 20-300 tonnes given the current tight\r\nsupplied market.\r\nIn this respect, actual spot business for cargoes in more than\r\n500 tonnes are limited at this time, if any at all, according to\r\nmarket sources.\r\nIt was unclear whether spot prices of MMA cargoes in more\r\nthan 500 tonnes can be achieved at higher prices, taking into\r\naccount the current market conditions, with prices assessed as\r\nunchanged for these large shipments.\r\nThere were also market participants who viewed current spot\r\nprices nearing the end of the upward trend moving into\r\nNovember, although overall spot supply availability is expected\r\nto remain relatively snug in the short term.\r\nThe upward price momentum of MMA in recent weeks has\r\nconsequently led to downstream polymethyl methacrylate\r\nmakers raising their asking levels even as overall demand was\r\njust moderate, market sources said.\r\nJapan’s Mitsubishi Gas Chemical Co (MGC) restarted on 21\r\nOctober its 40,000 tonnes/year MMA plant in Niigata, according\r\nto a source familiar with the matter. Plant operating rates are\r\ngradually being ramped up and are expected to reach full\r\ncapacity soon. MGC’s plant was originally due to restart on 7\r\nOctober following routine maintenance.\r\nFellow Japanese producer Asahi Kasei Corp is conducting\r\nscheduled maintenance at its 100,000 tonne/year MMA plant in\r\nKawasaki. The turnaround is expected to last about 40 days\r\nfrom the start of October.\r\nSeparately, there was market talk about disruptions affecting\r\nEuropean producer BASF’s crackers in Germany earlier this\r\nweek. But it was unclear whether this had direct influence on\r\nMMA markets in Asia, if any.\r\nIn the near term, spot MMA prices are expected to taper off\r\ntowards the seasonal lull as the year end approaches.\r\nChinese domestic market\r\nChinese domestic MMA prices were stable to soft, following the\r\nprevious weeks of sharp increases.\r\nMMA Domestic Spot Prices (in CNY/tonne)\r\nEast China\r\n(ex-tank) n/c 15,200-\r\n15,800 -200\r\nSouth China\r\n(DEL) n/c 16,400-\r\n16,800 -200\r\nOther Regional Markets\r\nIn South Korea, limitations on spot supply availability amid\r\nscheduled plant maintenance offered support to domestic\r\nprices. MMA cargoes were discussed at Korean Won 1,970-\r\n2,000/kg DEL for October, in line with the preceding week.\r\nIn India, spot iso-tank parcels were understood to have fetched\r\nthe mid to high $1,900s/tonne CIF India for early November\r\ndelivery. There were limited concrete discussions relating to\r\nspot bulk material bound for India amid supply constraint in\r\nAsia.\r\nUpstream\r\nBrent crude futures prices fell by 1-2% in the week ended 21\r\nOctober, while US WTI crude values were range-bound after a\r\ncontract roll. Crude values were undermined towards the\r\nweek’s end by a stronger US dollar and comments from\r\nExxonMobil that concerns of a future supply shortage had been\r\noverstated. Earlier in the week, US crude values hit new highs\r\nfor the year, buoyed by an unexpected large fall in US crude\r\nstocks and growing confidence that OPEC will approve a deal to\r\ncut production at its conference on 30 November.\r\nDownstream related\r\nSpot prices of general purpose (GP) grade polymethyl\r\nmethacrylate (PMMA) were stable in southeast Asia and stable\r\nto firm in China for the week ended 21 October, in line with\r\nmarket discussions.",
  "status" : "SUBMITTED",
  "modifiedDate" : 1493645916915
}, {
  "id" : "7f5681a0-2ce8-11e7-9f47-e9245c076786-3",
  "name" : "AP_4_date_added.txt",
  "text" : "28 Oct 2016 \nSPOT PRICES - CARGOES OF 500 MT OR MORE\r\nPrice Range Four Weeks Ago US CTS/lb\r\nCFR SE Asia USD/tonne n/c 1845.00-1850.00 n/c 1795.00-1800.00 83.69-83.91\r\nCFR Taiwan USD/tonne n/c 1845.00-1850.00 n/c 1795.00-1800.00 83.69-83.91\r\nCFR South Korea USD/tonne n/c 1845.00-1850.00 n/c 1795.00-1800.00 83.69-83.91\r\nSPOT PRICES - CARGOES OF 20 - 300 MT\r\nPrice Range Four Weeks Ago US CTS/lb\r\nCFR SE Asia USD/tonne n/c 1875.00-1950.00 n/c 1800.00-1850.00 85.05-88.45\r\nOverview\r\n- Market fundamentals little changed\r\n- Southeast Asia spot trading thin\r\n- Chinese domestic prices weaken\r\nPrice chart: MMA Southeast Asia vs PMMA Southeast Asia\r\nAsia spot markets\r\nSpot prices of methyl methacrylate (MMA) in Asia-Pacific were\r\nassessed as stable in the week ended 28 October, taking into\r\naccount prevailing market indications.\r\nNegotiations for spot November delivery material are in place,\r\nagainst a backdrop of relatively snug cargo availability\r\noutweighing demand as a whole.\r\nDuring the week, a drummed cargo of MMA of southeast Asia\r\norigin fetched the low $2,000s/tonne on a truck delivery basis.\r\nThe deal that could not be verified was estimated to net back to\r\nthe equivalent of around $1,875/tonne CFR southeast Asia.\r\nThere were otherwise limited fresh MMA cargo deals detected\r\nin the week on the southeast Asia front.\r\nOn spot MMA parcels in 20-300 tonnes, selling indications were\r\nat around $1,950/tonne CFR southeast Asia, while workable\r\nlevels on the buying side were viewed by market sources at the\r\nhigh $1,800s/tonne CFR southeast Asia.\r\nMarket sentiment in the near term was optimistic on\r\nexpectations of prices stabilising, with overall supply likely to\r\nstay relatively snug.\r\nOn the flipside, with downstream polymethyl methacrylate\r\ndemand stable at best, it was uncertain whether spot MMA\r\nprices may have already peaked amid a lack of bullish market\r\nfactors, compared with previous weeks where the tight supply\r\nscenario was more apparent.\r\nWith the year-end approaching which is when demand typically\r\nslows, spot prices are expected to see limited fluctuations.\r\nJapan’s Mitsubishi Gas Chemical Co (MGC) is running its 40,000\r\ntonne/year MMA plant in Niigata at close to full capacity, having\r\nrecently resumed operations. Overall plant output is expected\r\nto be maintained at the same level in November, with no major\r\nissues currently. The MMA plant was restarted on 21 October,\r\nhaving completed scheduled maintenance that ran from mid-\r\nAugust.\r\nJapanese producer Asahi Kasei Corp is carrying out a scheduled\r\nturnaround at its 100,000 tonne/year MMA plant in Kawasaki.\r\nThe turnaround is expected to last about 40 days from the start\r\nof October.\r\nThere were limited concrete discussions for MMA spot cargoes\r\nin 500 tonnes or more, with spot regional prices assessed in line\r\nwith smaller shipments of 20-300 tonnes.\r\nChinese domestic market\r\nChinese domestic MMA prices edged lower as earlier\r\nconstraints in spot supply eased.\r\nMMA Domestic Spot Prices (in CNY/tonne)\r\nEast China\r\n(ex-tank) -100 15,100-\r\n15,500 -300\r\nSouth China\r\n(DEL) -300 16,100-\r\n16,500 -300\r\nOther Regional Markets\r\nIn South Korean domestic markets, limited spot supply on the\r\nback of planned plant maintenance provided support to market\r\nsentiment. MMA cargoes were discussed at Korean Won (W)\r\n1,970-2,000/kg DEL, stable with the previous week’s range.\r\nUpstream\r\nCrude futures prices declined around 1-2% in the week ended\r\n28 October. Prices eased amid doubts regarding OPEC’s ability\r\nto agree on output cuts ahead of an OPEC meeting over the\r\nweekend. During the week, Iraq announced it would seek\r\nexemption from any deal to curb production. Key non-OPEC\r\nproducer, Russia also indicated an unwillingness to cut\r\nproduction. Meanwhile, a surprise drawdown in US crude\r\ninventories provided some support, while the US dollar also\r\neased off highs hit earlier in the week.\r\nDownstream related\r\nSpot prices of general purpose (GP) grade polymethyl\r\nmethacrylate (PMMA) were firmer in southeast Asia and China\r\nin the week ended 27 October, based on spot business reached\r\nand market discussions.",
  "status" : "SUBMITTED",
  "modifiedDate" : 1493707631820
}, {
  "id" : "8f111180-1845-11e7-9d60-efae7c857881-0",
  "name" : "Test_Document_1.txt",
  "text" : "ACV Corp will delay the restart of its MMA plant in Nagasaki due to unexpected mechanical problems RM Co Ltd has shut at the start of this week its 150,000 tonne/year methyl methacrylate(MMA) plant in Fukushima for planned maintenance ",
  "status" : "SUBMITTED",
  "modifiedDate" : 1493707925696
}, {
  "id" : "976f8e10-1845-11e7-9814-c96bd5c70ab3-0",
  "name" : "Test_Document_2.txt",
  "text" : "Sumitomo will delay the restart of its MMA plant in Nagasaki due to unexpected mechanical problems Lucite has shut at the start of this week its 150,000 tonne/year methyl methacrylate(MMA) plant in Jurong Island for scheduled maintenance ",
  "status" : "SUBMITTED",
  "modifiedDate" : 1491294119649
} ]